id;kota;provinsi;hsbgn
Kota_40;PEKALONGAN;Jawa Tengah;4090000
Kota_57;PATI;Jawa Tengah;4130000
Kota_81;JOMBANG;Jawa timur;4164000
Kota_80;JEMBER;Jawa timur;4172000
Kota_41;MAGELANG;Jawa Tengah;4180000
Kota_49;CILACAP;Jawa Tengah;4200000
Kota_53;KEBUMEN;Jawa Tengah;4260000
Kota_8;BANTUL;Daerah Istimewa Yogyakarta;4270000
Kota_110;KOTA PROBOLINGGO;Jawa timur;4328000
Kota_60;PURWOREJO;Jawa Tengah;4369800
Kota_10;GUNUNGKIDUL;Daerah Istimewa Yogyakarta;4430000
Kota_132;BIREUEN;Aceh;4430000
Kota_112;LEBAK;Banten;4496000
Kota_69;KOTA PEKALONGAN;Jawa Tengah;4520000
Kota_42;TEGAL;Jawa Tengah;4530000
Kota_109;KOTA PASURUAN;Jawa timur;4546000
Kota_24;PANGANDARAN;Jawa Barat;4575204.727
Kota_32;KOTA BEKASI;Jawa Barat;4580000
Kota_43;BANJARNEGARA;Jawa Tengah;4600000
Kota_73;KOTA TEGAL;Jawa Tengah;4620000
Kota_75;BANYUWANGI;Jawa timur;4633000
Kota_84;LUMAJANG;Jawa timur;4655000
Kota_100;TRENGGALEK;Jawa timur;4655000
Kota_71;KOTA MAGELANG;Jawa Tengah;4660000
Kota_93;PASURUAN;Jawa timur;4666000
Kota_95;PROBOLINGGO;Jawa timur;4666000
Kota_63;SUKOHARJO;Jawa Tengah;4670000
Kota_117;KOTA SERANG;Banten;4710000
Kota_48;BREBES;Jawa Tengah;4715000
Kota_77;BOJONEGORO;Jawa timur;4731000
Kota_52;JEPARA;Jawa Tengah;4740000
Kota_104;KOTA BLITAR;Jawa timur;4742000
Kota_19;GARUT;Jawa Barat;4750000
Kota_58;PURBALINGGA;Jawa Tengah;4760000
Kota_65;WONOGIRI;Jawa Tengah;4760000
Kota_22;KUNINGAN;Jawa Barat;4780000
Kota_23;MAJALENGKA;Jawa Barat;4792138.141
Kota_374;POHUWATO;Gorontalo;4800000
Kota_46;BLORA;Jawa Tengah;4810000
Kota_89;NGANJUK;Jawa timur;4829000
Kota_59;PEMALANG;Jawa Tengah;4830000
Kota_288;SUMBAWA;Nusa Tenggara Barat;4830000
Kota_39;SEMARANG;Jawa Tengah;4850000
Kota_51;GROBOGAN;Jawa Tengah;4860000
Kota_139;KOTA LANGSA;Aceh;4860000
Kota_126;ACEH TAMIANG;Aceh;4880000
Kota_25;PURWAKARTA;Jawa Barat;4900000
Kota_17;CIANJUR;Jawa Barat;4910000
Kota_134;NAGAN RAYA;Aceh;4920000
Kota_78;BONDOWOSO;Jawa timur;4938000
Kota_131;BENER MERIAH;Aceh;4950000
Kota_105;KOTA KEDIRI;Jawa timur;4960000
Kota_433;WAKATOBI;Sulawesi Tenggara;4964860
Kota_13;BANDUNG BARAT;Jawa Barat;4972653.538
Kota_336;TANAH BUMBU;Kalimantan Selatan;4980000
Kota_18;CIREBON;Jawa Barat;5000000
Kota_375;KOTA GORONTALO;Gorontalo;5000000
Kota_96;SAMPANG;Jawa timur;5004000
Kota_54;KENDAL;Jawa Tengah;5010000
Kota_55;KLATEN;Jawa Tengah;5020000
Kota_62;SRAGEN;Jawa Tengah;5021540.823
Kota_12;BANDUNG;Jawa Barat;5029752.72
Kota_101;TUBAN;Jawa timur;5047000
Kota_169;KOTA BATAM;Riau;5050000
Kota_135;PIDIE;Aceh;5060000
Kota_127;ACEH TENGAH;Aceh;5070000
Kota_11;KOTA YOGYAKARTA;Daerah Istimewa Yogyakarta;5080000
Kota_36;KOTA DEPOK;Jawa Barat;5080000
Kota_83;LAMONGAN;Jawa timur;5080000
Kota_16;CIAMIS;Jawa Barat;5090000
Kota_179;LAMPUNG SELATAN;Lampung;5095615
Kota_9;KULON PROGO;Daerah Istimewa Yogyakarta;5100000
Kota_332;HULU SUNGAI TENGAH;Kalimantan Selatan;5110000
Kota_38;KOTA TASIKMALAYA;Jawa Barat;5140000
Kota_90;NGAWI;Jawa timur;5145000
Kota_31;KOTA BANJAR;Jawa Barat;5150000
Kota_373;GORONTALO UTARA;Gorontalo;5160000
Kota_29;TASIKMALAYA;Jawa Barat;5172824.335
Kota_56;KUDUS;Jawa Tengah;5180000
Kota_182;LAMPUNG UTARA;Lampung;5185024
Kota_30;KOTA BANDUNG;Jawa Barat;5200000
Kota_45;BATANG;Jawa Tengah;5200000
Kota_123;ACEH JAYA;Aceh;5200000
Kota_35;KOTA CIREBON;Jawa Barat;5210000
Kota_113;PANDEGLANG;Banten;5210000
Kota_20;INDRAMAYU;Jawa Barat;5220000
Kota_130;ACEH UTARA;Aceh;5230000
Kota_308;SUMBA BARAT DAYA;Nusa Tenggara Timur;5240000
Kota_128;ACEH TENGGARA;Aceh;5242117
Kota_200;ROKAN HILIR;Riau;5242545
Kota_214;SOLOK;Sumatera Barat;5242545
Kota_122;ACEH BESAR;Aceh;5250000
Kota_205;AGAM;Sumatera Barat;5256132
Kota_249;LANGKAT;Sumatera Utara;5256132
Kota_261;TAPANULI SELATAN;Sumatera Utara;5256132
Kota_87;MALANG;Jawa timur;5276000
Kota_206;DHARMASRAYA;Sumatera Barat;5278621
Kota_247;LABUHANBATU SELATAN;Sumatera Utara;5278621
Kota_44;BANYUMAS;Jawa Tengah;5280000
Kota_50;DEMAK;Jawa Tengah;5280000
Kota_67;KARANGANYAR;Jawa Tengah;5280000
Kota_251;NIAS;Sumatera Utara;5283100
Kota_252;NIAS BARAT;Sumatera Utara;5283100
Kota_253;NIAS SELATAN;Sumatera Utara;5283100
Kota_254;NIAS UTARA;Sumatera Utara;5283100
Kota_489;RAJA AMPAT;Papua Barat Daya;5283100
Kota_240;ASAHAN;Sumatera Utara;5286287
Kota_330;BARITO KUALA;Kalimantan Selatan;5290000
Kota_256;PADANG LAWAS UTARA;Sumatera Utara;5292212
Kota_259;SERDANG BEDAGAI;Sumatera Utara;5292212
Kota_448;KOTA KOTAMOBAGU;Sulawesi Utara;5300000
Kota_258;SAMOSIR;Sumatera Utara;5300714
Kota_262;TAPANULI TENGAH;Sumatera Utara;5303634
Kota_250;MANDAILING NATAL;Sumatera Utara;5307594
Kota_212;PESISIR SELATAN;Sumatera Barat;5308540
Kota_215;SOLOK SELATAN;Sumatera Barat;5308540
Kota_120;ACEH BARAT;Aceh;5310000
Kota_398;SOPPENG;Sulawesi Selatan;5310000
Kota_213;SIJUNJUNG;Sumatera Barat;5310506
Kota_171;BANGKA;Bangka Belitung;5310966
Kota_429;KONAWE SELATAN;Sulawesi Tenggara;5312140
Kota_199;PELALAWAN;Riau;5317852
Kota_424;KOLAKA;Sulawesi Tenggara;5317852
Kota_136;PIDIE JAYA;Aceh;5320000
Kota_161;TEBO;Jambi;5325074
Kota_175;BELITUNG;Bangka Belitung;5329454
Kota_246;LABUHANBATU;Sumatera Utara;5329671
Kota_97;SIDOARJO;Jawa timur;5331000
Kota_102;TULUNGAGUNG;Jawa timur;5341000
Kota_241;BATU BARA;Sumatera Utara;5342398
Kota_406;BANGGAI;Sulawesi Tengah;5350000
Kota_85;MADIUN;Jawa timur;5352000
Kota_243;DELI SERDANG;Sumatera Utara;5352389
Kota_245;KARO;Sumatera Utara;5352389
Kota_263;TAPANULI UTARA;Sumatera Utara;5352389
Kota_264;TOBA;Sumatera Utara;5352389
Kota_427;KONAWE;Sulawesi Tenggara;5353125
Kota_228;MUSI RAWAS;Sumatera Selatan;5353534
Kota_172;BANGKA BARAT;Bangka Belitung;5353763
Kota_227;MUSI BANYUASIN;Sumatera Selatan;5354665
Kota_209;PADANG PARIAMAN;Sumatera Barat;5359912
Kota_186;PRINGSEWU;Lampung;5365312
Kota_234;OGAN KOMERING ULU TIMUR;Sumatera Selatan;5365312
Kota_232;OGAN KOMERING ULU;Sumatera Selatan;5367272
Kota_483;MANOKWARI;Papua Barat;5367272
Kota_153;BATANGHARI;Jambi;5370000
Kota_242;DAIRI;Sumatera Utara;5370987
Kota_248;LABUHANBATU UTARA;Sumatera Utara;5370987
Kota_260;SIMALUNGUN;Sumatera Utara;5370987
Kota_125;ACEH SINGKIL;Aceh;5372633
Kota_193;BENGKALIS;Riau;5373167
Kota_202;SIAK;Riau;5373167
Kota_94;PONOROGO;Jawa timur;5385000
Kota_147;KEPAHIANG;Bengkulu;5388362
Kota_124;ACEH SELATAN;Aceh;5390000
Kota_333;HULU SUNGAI UTARA;Kalimantan Selatan;5390000
Kota_159;TANJUNG JABUNG BARAT;Jambi;5396215
Kota_231;OGAN KOMERING ILIR;Sumatera Selatan;5396321
Kota_230;OGAN ILIR;Sumatera Selatan;5399694
Kota_208;LIMA PULUH KOTA;Sumatera Barat;5407058
Kota_211;PASAMAN BARAT;Sumatera Barat;5407058
Kota_482;KAIMANA;Papua Barat;5413666
Kota_275;BULELENG;Bali;5414419
Kota_277;JEMBRANA;Bali;5414419
Kota_195;INDRAGIRI HULU;Riau;5415429
Kota_201;ROKAN HULU;Riau;5415429
Kota_225;LAHAT;Sumatera Selatan;5415429
Kota_255;PADANG LAWAS;Sumatera Utara;5415429
Kota_257;PAKPAK BHARAT;Sumatera Utara;5415429
Kota_505;MERAUKE;Papua Selatan;5415429
Kota_207;KEPULAUAN MENTAWAI;Sumatera Barat;5421100
Kota_422;BUTON TENGAH;Sulawesi Tenggara;5421708
Kota_158;SAROLANGUN;Jambi;5424338
Kota_381;POLEWALI MANDAR;Sulawesi Barat;5427350
Kota_331;HULU SUNGAI SELATAN;Kalimantan Selatan;5428420
Kota_183;MESUJI;Lampung;5428845
Kota_377;MAMASA;Sulawesi Barat;5428845
Kota_329;BANJAR;Kalimantan Selatan;5430000
Kota_196;KAMPAR;Riau;5434854
Kota_91;PACITAN;Jawa timur;5440000
Kota_233;OGAN KOMERING ULU SELATAN;Sumatera Selatan;5441766
Kota_423;BUTON UTARA;Sulawesi Tenggara;5441766
Kota_491;SORONG SELATAN;Papua Barat Daya;5441893
Kota_150;REJANG LEBONG;Bengkulu;5443169
Kota_490;SORONG;Papua Barat Daya;5443516
Kota_379;MAMUJU TENGAH;Sulawesi Barat;5444856
Kota_419;BOMBANA;Sulawesi Tenggara;5444856
Kota_421;BUTON SELATAN;Sulawesi Tenggara;5444856
Kota_428;KONAWE KEPULAUAN;Sulawesi Tenggara;5444856
Kota_106;KOTA MADIUN;Jawa timur;5450000
Kota_431;MUNA;Sulawesi Tenggara;5453513
Kota_432;MUNA BARAT;Sulawesi Tenggara;5456756
Kota_98;SITUBONDO;Jawa timur;5461000
Kota_176;BELITUNG TIMUR;Bangka Belitung;5462034
Kota_180;LAMPUNG TENGAH;Lampung;5462034
Kota_198;KUANTAN SINGINGI;Riau;5462034
Kota_185;PESISIR BARAT;Lampung;5462956
Kota_190;WAY KANAN;Lampung;5462956
Kota_174;BANGKA TENGAH;Bangka Belitung;5468629
Kota_226;MUARA ENIM;Sumatera Selatan;5468629
Kota_21;KARAWANG;Jawa Barat;5470000
Kota_279;KLUNGKUNG;Bali;5470699
Kota_157;MUARO JAMBI;Jambi;5471919
Kota_148;LEBONG;Bengkulu;5476927
Kota_418;KOTA PALU;Sulawesi Tengah;5480000
Kota_420;BUTON;Sulawesi Tenggara;5486190
Kota_370;BOALEMO;Gorontalo;5488690
Kota_380;PASANGKAYU;Sulawesi Barat;5488948
Kota_280;TABANAN;Bali;5490000
Kota_61;REMBANG;Jawa Tengah;5500000
Kota_137;SIMEULUE;Aceh;5500000
Kota_181;LAMPUNG TIMUR;Lampung;5502238
Kota_244;HUMBANG HASUNDUTAN;Sumatera Utara;5502238
Kota_74;BANGKALAN;Jawa timur;5505000
Kota_154;BUNGO;Jambi;5506758
Kota_155;KERINCI;Jambi;5506758
Kota_187;TANGGAMUS;Lampung;5507151
Kota_224;EMPAT LAWANG;Sumatera Selatan;5517206
Kota_103;KOTA BATU;Jawa timur;5527000
Kota_197;KEPULAUAN MERANTI;Riau;5542906
Kota_235;PENUKAL ABAB LEMATANG ILIR;Sumatera Selatan;5545686
Kota_210;PASAMAN;Sumatera Barat;5555178
Kota_173;BANGKA SELATAN;Bangka Belitung;5559163
Kota_194;INDRAGIRI HILIR;Riau;5559163
Kota_229;MUSI RAWAS UTARA;Sumatera Selatan;5559163
Kota_378;MAMUJU;Sulawesi Barat;5559163
Kota_425;KOLAKA TIMUR;Sulawesi Tenggara;5559163
Kota_184;PESAWARAN;Lampung;5565837
Kota_276;GIANYAR;Bali;5570000
Kota_339;KOTA BANJARBARU;Kalimantan Selatan;5570000
Kota_133;GAYO LUES;Aceh;5577469
Kota_70;KOTA SALATIGA;Jawa Tengah;5580000
Kota_382;BANTAENG;Sulawesi Selatan;5580536
Kota_394;PANGKAJENE DAN KEPULAUAN;Sulawesi Selatan;5580536
Kota_338;TAPIN;Kalimantan Selatan;5590000
Kota_82;KEDIRI;Jawa timur;5592000
Kota_293;BELU;Nusa Tenggara Timur;5595682
Kota_307;SUMBA BARAT;Nusa Tenggara Timur;5603437
Kota_312;TIMOR TENGAH UTARA;Nusa Tenggara Timur;5603437
Kota_289;SUMBAWA BARAT;Nusa Tenggara Barat;5607493
Kota_282;BIMA;Nusa Tenggara Barat;5609516
Kota_285;LOMBOK TENGAH;Nusa Tenggara Barat;5609516
Kota_286;LOMBOK TIMUR;Nusa Tenggara Barat;5609516
Kota_156;MERANGIN;Jambi;5610000
Kota_445;MINAHASA TENGGARA;Sulawesi Utara;5614121
Kota_223;BANYUASIN;Sumatera Selatan;5628795
Kota_484;MANOKWARI SELATAN;Papua Barat;5628795
Kota_487;TELUK WONDAMA;Papua Barat;5628795
Kota_488;MAYBRAT;Papua Barat Daya;5628795
Kota_188;TULANG BAWANG;Lampung;5630283
Kota_376;MAJENE;Sulawesi Barat;5635619
Kota_486;TELUK BINTUNI;Papua Barat;5639212
Kota_66;WONOSOBO;Jawa Tengah;5640000
Kota_178;LAMPUNG BARAT;Lampung;5645383
Kota_426;KOLAKA UTARA;Sulawesi Tenggara;5645383
Kota_430;KONAWE UTARA;Sulawesi Tenggara;5645383
Kota_146;KAUR;Bengkulu;5650000
Kota_328;BALANGAN;Kalimantan Selatan;5660000
Kota_129;ACEH TIMUR;Aceh;5667797
Kota_121;ACEH BARAT DAYA;Aceh;5667911
Kota_444;MINAHASA SELATAN;Sulawesi Utara;5668868
Kota_411;MOROWALI;Sulawesi Tengah;5675968
Kota_323;SANGGAU;Kalimantan Barat;5680000
Kota_143;BENGKULU SELATAN;Bengkulu;5690000
Kota_503;BOVEN DIGOEL;Papua Selatan;5690412
Kota_414;POSO;Sulawesi Tengah;5715625
Kota_26;SUBANG;Jawa Barat;5730000
Kota_284;LOMBOK BARAT;Nusa Tenggara Barat;5754407
Kota_440;KEPULAUAN SANGIHE;Sulawesi Utara;5766099
Kota_27;SUKABUMI;Jawa Barat;5770000
Kota_278;KARANGASEM;Bali;5770000
Kota_318;KUBU RAYA;Kalimantan Barat;5770000
Kota_28;SUMEDANG;Jawa Barat;5773397.115
Kota_274;BANGLI;Bali;5778760
Kota_37;KOTA SUKABUMI;Jawa Barat;5788684.133
Kota_118;KOTA TANGERANG;Banten;5790000
Kota_302;NAGEKEO;Nusa Tenggara Timur;5794003
Kota_310;SUMBA TIMUR;Nusa Tenggara Timur;5794003
Kota_86;MAGETAN;Jawa timur;5799000
Kota_415;SIGI;Sulawesi Tengah;5799826
Kota_281;KOTA DENPASAR;Bali;5800000
Kota_335;TABALONG;Kalimantan Selatan;5800000
Kota_383;BARRU;Sulawesi Selatan;5810000
Kota_442;KEPULAUAN TALAUD;Sulawesi Utara;5823753
Kota_303;NGADA;Nusa Tenggara Timur;5826331
Kota_145;BENGKULU UTARA;Bengkulu;5850000
Kota_160;TANJUNG JABUNG TIMUR;Jambi;5877500
Kota_294;ENDE;Nusa Tenggara Timur;5877593
Kota_79;GRESIK;Jawa timur;5886000
Kota_144;BENGKULU TENGAH;Bengkulu;5886806
Kota_292;ALOR;Nusa Tenggara Timur;5900107
Kota_298;MALAKA;Nusa Tenggara Timur;5900107
Kota_301;MANGGARAI TIMUR;Nusa Tenggara Timur;5900107
Kota_309;SUMBA TENGAH;Nusa Tenggara Timur;5900107
Kota_396;SIDENRENG RAPPANG;Sulawesi Selatan;5910000
Kota_392;LUWU UTARA;Sulawesi Selatan;5924054
Kota_68;KOTA SEMARANG;Jawa Tengah;5940000
Kota_337;TANAH LAUT;Kalimantan Selatan;5960000
Kota_385;BULUKUMBA;Sulawesi Selatan;5973054
Kota_401;TORAJA UTARA;Sulawesi Selatan;5973054
Kota_88;MOJOKERTO;Jawa timur;5985000
Kota_92;PAMEKASAN;Jawa timur;5985000
Kota_413;PARIGI MOUTONG;Sulawesi Tengah;5990000
Kota_72;KOTA SURAKARTA;Jawa Tengah;6000000
Kota_390;LUWU;Sulawesi Selatan;6000000
Kota_386;ENREKANG;Sulawesi Selatan;6011239
Kota_108;KOTA MOJOKERTO;Jawa timur;6017000
Kota_47;BOYOLALI;Jawa Tengah;6020000
Kota_391;LUWU TIMUR;Sulawesi Selatan;6049239
Kota_290;KOTA BIMA;Nusa Tenggara Barat;6050000
Kota_138;KOTA BANDA ACEH;Aceh;6060000
Kota_387;GOWA;Sulawesi Selatan;6079734
Kota_393;MAROS;Sulawesi Selatan;6079734
Kota_306;SIKKA;Nusa Tenggara Timur;6086153
Kota_395;PINRANG;Sulawesi Selatan;6095054
Kota_7;SLEMAN;Daerah Istimewa Yogyakarta;6103531
Kota_389;KEPULAUAN SELAYAR;Sulawesi Selatan;6110044
Kota_397;SINJAI;Sulawesi Selatan;6110044
Kota_399;TAKALAR;Sulawesi Selatan;6110044
Kota_388;JENEPONTO;Sulawesi Selatan;6118619
Kota_273;BADUNG;Bali;6130000
Kota_287;LOMBOK UTARA;Nusa Tenggara Barat;6130000
Kota_371;BONE BOLANGO;Gorontalo;6130000
Kota_372;GORONTALO;Gorontalo;6140000
Kota_384;BONE;Sulawesi Selatan;6140074
Kota_344;GUNUNG MAS;Kalimantan Tengah;6146308
Kota_345;KAPUAS;Kalimantan Tengah;6149252
Kota_343;BARITO UTARA;Kalimantan Tengah;6150252
Kota_119;KOTA TANGERANG SELATAN;Banten;6180000
Kota_340;KOTA BANJARMASIN;Kalimantan Selatan;6200000
Kota_334;KOTABARU;Kalimantan Selatan;6230000
Kota_409;BUOL;Sulawesi Tengah;6290000
Kota_33;KOTA BOGOR;Jawa Barat;6330000
Kota_354;KOTA PALANGKARAYA;Kalimantan Tengah;6330000
Kota_449;KOTA MANADO;Sulawesi Utara;6340000
Kota_164;BINTAN;Riau;6373602
Kota_168;NATUNA;Riau;6373602
Kota_114;SERANG;Banten;6390000
Kota_165;KARIMUN;Riau;6424476
Kota_436;BOLAANG MONGONDOW;Sulawesi Utara;6442604
Kota_509;MIMIKA;Papua Tengah;6443782
Kota_439;BOLAANG MONGONDOW UTARA;Sulawesi Utara;6445187
Kota_64;TEMANGGUNG;Jawa Tengah;6460000
Kota_166;KEPULAUAN ANAMBAS;Riau;6466805
Kota_14;BEKASI;Jawa Barat;6468571
Kota_107;KOTA MALANG;Jawa timur;6475000
Kota_437;BOLAANG MONGONDOW SELATAN;Sulawesi Utara;6477799
Kota_304;ROTE NDAO;Nusa Tenggara Timur;6480000
Kota_446;MINAHASA UTARA;Sulawesi Utara;6480000
Kota_167;LINGGA;Riau;6491152
Kota_34;KOTA CIMAHI;Jawa Barat;6520000
Kota_438;BOLAANG MONGONDOW TIMUR;Sulawesi Utara;6526222
Kota_311;TIMOR TENGAH SELATAN;Nusa Tenggara Timur;6550000
Kota_350;MURUNG RAYA;Kalimantan Tengah;6591270
Kota_76;BLITAR;Jawa timur;6606000
Kota_116;KOTA CILEGON;Banten;6610000
Kota_416;TOJO UNA-UNA;Sulawesi Tengah;6630000
Kota_341;BARITO SELATAN;Kalimantan Tengah;6644296
Kota_342;BARITO TIMUR;Kalimantan Tengah;6644296
Kota_347;KOTAWARINGIN BARAT;Kalimantan Tengah;6644296
Kota_351;PULANG PISAU;Kalimantan Tengah;6650680
Kota_465;HALMAHERA TIMUR;Maluku Utara;6659789
Kota_317;KETAPANG;Kalimantan Barat;6708818
Kota_402;WAJO;Sulawesi Selatan;6710000
Kota_320;MELAWI;Kalimantan Barat;6712904
Kota_314;BENGKAYANG;Kalimantan Barat;6715498
Kota_325;SINTANG;Kalimantan Barat;6715498
Kota_352;SERUYAN;Kalimantan Tengah;6722769
Kota_353;SUKAMARA;Kalimantan Tengah;6722769
Kota_111;KOTA SURABAYA;Jawa timur;6727000
Kota_451;BURU;Maluku;6730000
Kota_149;MUKOMUKO;Bengkulu;6750000
Kota_99;SUMENEP;Jawa timur;6758000
Kota_319;LANDAK;Kalimantan Barat;6770000
Kota_316;KAYONG UTARA;Kalimantan Barat;6870000
Kota_400;TANA TORAJA;Sulawesi Selatan;6880000
Kota_453;KEPULAUAN ARU;Maluku;6900000
Kota_510;NABIRE;Papua Tengah;6910000
Kota_412;MOROWALI UTARA;Sulawesi Tengah;6980000
Kota_163;KOTA SUNGAI PENUH;Jambi;7060000
Kota_466;HALMAHERA UTARA;Maluku Utara;7110000
Kota_462;HALMAHERA BARAT;Maluku Utara;7138163
Kota_407;BANGGAI KEPULAUAN;Sulawesi Tengah;7167354
Kota_463;HALMAHERA SELATAN;Maluku Utara;7240000
Kota_410;DONGGALA;Sulawesi Tengah;7292754
Kota_460;KOTA AMBON;Maluku;7340000
Kota_5;KOTA JAKARTA TIMUR;DKI Jakarta;7366788.845
Kota_443;MINAHASA;Sulawesi Utara;7370000
Kota_315;KAPUAS HULU;Kalimantan Barat;7390000
Kota_454;KEPULAUAN TANIMBAR;Maluku;7400000
Kota_15;BOGOR;Jawa Barat;7420000
Kota_4;KOTA JAKARTA SELATAN;DKI Jakarta;7420656.928
Kota_469;PULAU TALIABU;Maluku Utara;7462432
Kota_359;MAHAKAM ULU;Kalimantan Timur;7521347
Kota_355;BERAU;Kalimantan Timur;7542298
Kota_357;KUTAI KARTANEGARA;Kalimantan Timur;7542298
Kota_358;KUTAI TIMUR;Kalimantan Timur;7542298
Kota_360;PASER;Kalimantan Timur;7542298
Kota_361;PENAJAM PASER UTARA;Kalimantan Timur;7542298
Kota_468;PULAU MOROTAI;Maluku Utara;7560000
Kota_2;KOTA JAKARTA BARAT;DKI Jakarta;7586202.745
Kota_6;KOTA JAKARTA UTARA;DKI Jakarta;7608538.291
Kota_362;KOTA BALIKPAPAN;Kalimantan Timur;7620000
Kota_368;TANA TIDUNG;Kalimantan Utara;7666091
Kota_365;BULUNGAN;Kalimantan Utara;7666641
Kota_366;MALINAU;Kalimantan Utara;7670000
Kota_464;HALMAHERA TENGAH;Maluku Utara;7680000
Kota_151;SELUMA;Bengkulu;7712000
Kota_283;DOMPU;Nusa Tenggara Barat;7730000
Kota_367;NUNUKAN;Kalimantan Utara;7734109
Kota_115;TANGERANG;Banten;7754400
Kota_456;MALUKU TENGAH;Maluku;7790000
Kota_356;KUTAI BARAT;Kalimantan Timur;7820000
Kota_324;SEKADAU;Kalimantan Barat;7870000
Kota_3;KOTA JAKARTA PUSAT;DKI Jakarta;7910068.172
Kota_322;SAMBAS;Kalimantan Barat;8020000
Kota_459;SERAM BAGIAN TIMUR;Maluku;8126013
Kota_457;MALUKU TENGGARA;Maluku;8130168
Kota_458;SERAM BAGIAN BARAT;Maluku;8130168
Kota_1;KEPULAUAN SERIBU;DKI Jakarta;8144591.412
Kota_295;FLORES TIMUR;Nusa Tenggara Timur;8146618
Kota_296;KUPANG;Nusa Tenggara Timur;8146618
Kota_297;LEMBATA;Nusa Tenggara Timur;8146618
Kota_299;MANGGARAI;Nusa Tenggara Timur;8146618
Kota_300;MANGGARAI BARAT;Nusa Tenggara Timur;8146618
Kota_472;BIAK NUMFOR;Papua;8305258
Kota_321;MEMPAWAH;Kalimantan Barat;8380000
Kota_473;JAYAPURA;Papua;8450000
Kota_467;KEPULAUAN SULA;Maluku Utara;8590000
Kota_455;MALUKU BARAT DAYA;Maluku;8995642
Kota_452;BURU SELATAN;Maluku;9010000
Kota_305;SABU RAIJUA;Nusa Tenggara Timur;9080618
Kota_474;KEEROM;Papua;9198665
Kota_475;KEPULAUAN YAPEN;Papua;9214765
Kota_477;SARMI;Papua;9257528
Kota_479;WAROPEN;Papua;9257528
Kota_478;SUPIORI;Papua;9276728
Kota_408;BANGGAI LAUT;Sulawesi Tengah;12050000
Kota_485;PEGUNUNGAN ARFAK;Papua Barat;13290166
Kota_492;TAMBRAUW;Papua Barat Daya;13290166
Kota_502;ASMAT;Papua Selatan;13290166
Kota_504;MAPPI;Papua Selatan;13290166
Kota_500;YALIMO;Papua Pegunungan;14910000
Kota_495;LANNY JAYA;Papua Pegunungan;16102148
Kota_499;TOLIKARA;Papua Pegunungan;16102148
Kota_501;YAHUKIMO;Papua Pegunungan;16102148
Kota_496;MAMBERAMO TENGAH;Papua Pegunungan;18294629
Kota_494;JAYAWIJAYA;Papua Pegunungan;18730000
Kota_497;NDUGA;Papua Pegunungan;22061629
Kota_498;PEGUNUNGAN BINTANG;Papua Pegunungan;23510000
Kota_346;KATINGAN;Kalimantan Tengah;23849148
Kota_348;KOTAWARINGIN TIMUR;Kalimantan Tengah;23849148
Kota_349;LAMANDAU;Kalimantan Tengah;23849148
Kota_476;MAMBERAMO RAYA;Papua;27653388
Kota_506;DEIYAI;Papua Tengah;30977388
Kota_507;DOGIYAI;Papua Tengah;30977388
Kota_511;PANIAI;Papua Tengah;30977388
Kota_513;PUNCAK JAYA;Papua Tengah;30977388
Kota_512;PUNCAK;Papua Tengah;33788869
Kota_508;INTAN JAYA;Papua Tengah;35890000
Kota_140;KOTA LHOKSEUMAWE;Aceh;
Kota_141;KOTA SABANG;Aceh;
Kota_142;KOTA SUBULUSSALAM;Aceh;
Kota_152;KOTA BENGKULU;Bengkulu;
Kota_162;KOTA JAMBI;Jambi;
Kota_170;KOTA TANJUNGPINANG;Riau;
Kota_177;KOTA PANGKALPINANG;Bangka Belitung;
Kota_189;TULANG BAWANG BARAT;Lampung;
Kota_191;KOTA BANDAR LAMPUNG;Lampung;
Kota_192;KOTA METRO;Lampung;
Kota_203;KOTA DUMAI;Riau;
Kota_204;KOTA PEKANBARU;Riau;
Kota_216;KOTA BUKITTINGGI;Sumatera Barat;
Kota_217;KOTA PADANG;Sumatera Barat;
Kota_218;KOTA PADANG PANJANG;Sumatera Barat;
Kota_219;KOTA PARIAMAN;Sumatera Barat;
Kota_220;KOTA PAYAKUMBUH;Sumatera Barat;
Kota_221;KOTA SAWAHLUNTO;Sumatera Barat;
Kota_222;KOTA SOLOK;Sumatera Barat;
Kota_236;KOTA LUBUK LINGGAU;Sumatera Selatan;
Kota_237;KOTA PAGARALAM;Sumatera Selatan;
Kota_238;KOTA PALEMBANG;Sumatera Selatan;
Kota_239;KOTA PRABUMULIH;Sumatera Selatan;
Kota_265;KOTA BINJAI;Sumatera Utara;
Kota_266;KOTA GUNUNGSITOLI;Sumatera Utara;
Kota_267;KOTA MEDAN;Sumatera Utara;
Kota_268;KOTA PADANGSIDIMPUAN;Sumatera Utara;
Kota_269;KOTA PEMATANGSIANTAR;Sumatera Utara;
Kota_270;KOTA SIBOLGA;Sumatera Utara;
Kota_271;KOTA TANJUNGBALAI;Sumatera Utara;
Kota_272;KOTA TEBING TINGGI;Sumatera Utara;
Kota_291;KOTA MATARAM;Nusa Tenggara Barat;
Kota_313;KOTA KUPANG;Nusa Tenggara Timur;
Kota_326;KOTA PONTIANAK;Kalimantan Barat;
Kota_327;KOTA SINGKAWANG;Kalimantan Barat;
Kota_363;KOTA BONTANG;Kalimantan Timur;
Kota_364;KOTA SAMARINDA;Kalimantan Timur;
Kota_369;KOTA TARAKAN;Kalimantan Utara;
Kota_403;KOTA MAKASSAR;Sulawesi Selatan;
Kota_404;KOTA PALOPO;Sulawesi Selatan;
Kota_405;KOTA PAREPARE;Sulawesi Selatan;
Kota_417;TOLITOLI;Sulawesi Tengah;
Kota_434;KOTA BAUBAU;Sulawesi Tenggara;
Kota_435;KOTA KENDARI;Sulawesi Tenggara;
Kota_441;KEPULAUAN SIAU TAGULANDANG BIARO;Sulawesi Utara;
Kota_447;KOTA BITUNG;Sulawesi Utara;
Kota_450;KOTA TOMOHON;Sulawesi Utara;
Kota_461;KOTA TUAL;Maluku;
Kota_470;KOTA TERNATE;Maluku Utara;
Kota_471;KOTA TIDORE KEPULAUAN;Maluku Utara;
Kota_480;KOTA JAYAPURA;Papua;
Kota_481;FAKFAK;Papua Barat;
Kota_493;KOTA SORONG;Papua Barat Daya;
